id,language,source,question_type,answer_type,question,options,correct_option_index,correct_answer,explanation,section
2d4c60b6-442a-4557-8525-b6aa09c6ea2f,hi,json,mcq,single_select,फ्रांसीसी क्रांति की निम्नलिखित घटनाओं को कालानुक्रमिक क्रम में व्यवस्थित करें और सही उत्तर चुनिये : (a) बैस्टिल का पतन (b) नेशनल असेंबली का गठन (c) फ्रांसीसी गणराज्य की स्थापना (d) मनुष्य के अधिकारों की घोषणा,"['b, d, a, c', 'a, b, c, d', 'b, a, d, c', 'a, b, d, c']",2,"b, a, d, c","फ्रांसीसी क्रांति: फ्रांसीसी क्रांति एक जन आंदोलन था जिसने फ्रांस को हिलाकर रख दिया और दुनिया पर इसका दूरगामी प्रभाव पड़ा। यह 1789 से 1799 तक चला, इसे विश्व इतिहास की सबसे महत्वपूर्ण घटनाओं में से एक माना जाता है। क्रांति की शुरुआत प्रजा वर्ग के विद्रोह के साथ हुई, जिसमें आबादी का एक बड़ा हिस्सा शामिल था, लेकिन इसकी उपेक्षा की गई। प्रजा वर्ग के प्रतिनिधियों ने 20 जून, 1789 को टेनिस कोर्ट की शपथ ली, जब तक कि उन्होंने फ्रांस को एक संविधान नहीं दे दिया, तब तक अलग नहीं होने का संकल्प लिया। इसके बाद बैस्टिल का तूफान और वर्साय पर महिलाओं का मार्च हुआ, ऐसी घटनाएं जिसके माध्यम से क्रांति ने गति पकड़ी। राजा लुई सोलहवें और उनकी पत्नी मैरी एंटोनेट के निष्पादन के परिणामस्वरूप क्रांति अपने सबसे खूनी चरण में प्रवेश कर गई जिसे आतंक के शासन के रूप में जाना जाता है। 1799 में नेपोलियन बोनापार्ट के नेतृत्व में एक तख्तापलट ने एक वाणिज्य दूतावास और बाद में एक साम्राज्य की स्थापना के साथ फ्रांसीसी क्रांति का अंत किया। फ्रांसीसी क्रांति की प्रमुख घटनाएं और उनकी तिथि: नेशनल असेंबली का गठन- 13 जून 1789 बैस्टिल का पतन- 15 जुलाई 1789 मनुष्य के अधिकारों की घोषणा- 26 अगस्त 1789 फ्रांसीसी गणराज्य की स्थापना- 21 सितंबर 1792",अनुभाग - 1
482489a5-9348-4222-812b-7122a81cc33d,hi,json,mcq,single_select,'बोस्टन टी पार्टी’ का संबंध किससे है?,"['इटली का एकीकरण', 'फ्रेंच क्रांति', 'रूसी क्रांति', 'अमेरिकी स्वतंत्रता संग्राम']",3,अमेरिकी स्वतंत्रता संग्राम,"'बोस्टन टी पार्टी’ का संबंध अमेरिकी स्वतंत्रता संग्राम से है। बोस्टन टी पार्टी एक राजनीतिक विरोध था, जो 1717 दिसंबर को सन्स ऑफ लिबर्टी द्वारा मैसाचुसेट्स में सैमुअल एडम्स के नेतृत्व में किया गया था। बोस्टन टी पार्टी 1773 के ब्रिटिश संसद के टी अधिनियम के खिलाफ एक विरोध प्रदर्शन था, इस विरोध में ब्रिटिश ईस्ट इंडिया कंपनी से संबंधित 342 चाय की पेटियों को अमेरिकी देशभक्त द्वारा बोस्टन हार्बर में जहाजों से फेंक दिया गया था, जिन्हें मोहौक इंडियंस के नाम से जाना जाता हैं।",अनुभाग - 1
395152c4-5dcf-4b50-83f9-243910038e9c,hi,json,mcq,single_select,"'ये गर्म, शुष्क हवाएं हैं जो रॉकी पर्वत के पूर्वी ढलानों से उतरती हैं, मुख्यतः सर्दियों में और इन्हें अक्सर 'स्नो ईटर' के रूप में जाना जाता है।' यह _____ का सबसे संभावित विवरण है।","['फोहेन', 'मिस्ट्राल', 'चिनूक', 'हरमट्टन']",2,चिनूक,"चिनूक, गर्म, शुष्क हवा रॉकी पर्वत के पूर्वी ढलानों, मुख्यतः सर्दियों में, से उतरती है। चिनूक एक गर्म हवा है जो सर्दियों में चलती है और इसलिए थोड़े समय के भीतर तापमान बढ़ा देती है। तापमान में यह वृद्धि बर्फ के पिघलने का परिणाम है, और इसलिए लोकप्रिय रूप से 'स्नो ईटर' कहलाती हैं। चिनूक हवाएं तब विकसित होती हैं जब उत्तरी अमेरिका के उत्तर पश्चिमी क्षेत्र में प्रशांत महासागर से रॉकी पर्वत श्रृंखला की ओर गर्म, नम हवा चलती है।",अनुभाग - 1
e29858f3-95cd-458c-8385-72f9ca45aa58,hi,json,mcq,single_select,"पृथ्वी के अक्ष पर पृथ्वी के झुकाव की गति के संबंध में निम्नलिखित कथनों पर विचार करें। 1. पृथ्वी का धुरा अपनी कक्षा के लंबवत नहीं है। 2. दिन और रात की लंबाई पूरे साल बदलती रहती है क्योंकि भूमध्य रेखा पृथ्वी की कक्षा से 66.5 डिग्री झुकी हुई है। 3. अगर पृथ्वी झुकी हुई नहीं होती, तो हमें मौसम का अनुभव नहीं होता। पृथ्वी के झुकाव में परिवर्तन मौसम की तीव्रता को प्रभावित कर सकता है। ऊपर दिए गए निम्नलिखित में से कौन सा/से कथन सही है/हैं?","['केवल 3', 'केवल 2 और 3', 'केवल 1 और 3', 'उपरोक्त सभी']",2,केवल 1 और 3,"पृथ्वी की धुरी पर पृथ्वी के झुकाव की गति के संबंध में केवल कथन 1 और 3 सही हैं। पृथ्वी सूर्य के चारों ओर घूमती है। यह अपने परिभ्रमण मार्ग पर 23.5 डिग्री के कोण पर लंबवत झुका हुआ है, वर्ष के आधे भाग में जब गर्मी होती है तो उत्तरी भाग का झुकाव सूर्य की ओर होता है। दिन और रात की लंबाई पूरे साल बदलती रहती है क्योंकि भूमध्य रेखा पृथ्वी की कक्षा से 23.5 डिग्री झुकी हुई है। इस प्रकार, कथन 2 गलत है। दूसरी छमाही जब ठंड होती है, पृथ्वी सूर्य से दूर होती है। पृथ्वी के झुकाव में परिवर्तन से मौसम की तीव्रता प्रभावित हो सकती है अधिक झुकाव का अर्थ है अधिक गर्मी और कम ठंड; कम झुकाव का अर्थ है कम गर्मी और अधिक ठंड। अत: विकल्प (C) सही है।",अनुभाग - 1
40a501c0-e756-4a12-b280-b419f865ab02,hi,json,mcq,single_select,निम्नलिखित में से कौन-सा/से देश लैंडलॉक्ड हैं/हैं? 1. बोलीविया 2. नेपाल 3. जाम्बिया 4. इज़राइल,"['केवल 1, 2 और 4', 'केवल 1, 3 और 4', 'केवल 1, 2 और 3', 'केवल 2, 3 और 4']",2,"केवल 1, 2 और 3","बोलीविया, नेपाल और जाम्बिया भूमि से घिरे देश हैं। बोलीविया एक दक्षिण अमेरिकी देश है। यह उत्तर और पूर्व में ब्राजील, दक्षिण-पूर्व में पराग्वे, दक्षिण में अर्जेंटीना, दक्षिण-पश्चिम और पश्चिम में चिली और उत्तर-पश्चिम में पेरू से घिरा हुआ है। नेपाल एक एशियाई देश है। यह पूर्व, पश्चिम और दक्षिण में भारत के साथ और उत्तर में चीन के तिब्बत स्वायत्त क्षेत्र से घिरा हुआ है। ज़ाम्बिया एक अफ्रीकी देश है जिसका नाम ज़ाम्बेज़ी नदी के नाम पर रखा गया है। यह दक्षिण-पूर्व में मोज़ाम्बिक, पूर्व में मलावी, उत्तर-पूर्व में तंजानिया, उत्तर में कांगो, पश्चिम में अंगोला, ज़िम्बाब्वे, नामीबिया और दक्षिण में बोत्सवाना वाला एक देश है। इज़राइल यूरोप, एशिया और अफ्रीका के चौराहे पर खड़ा है। भौगोलिक रूप से, यह एशियाई महाद्वीप से संबंधित है और मध्य पूर्व क्षेत्र का हिस्सा है। इज़राइल पश्चिम में भूमध्य सागर, उत्तर में लेबनान और सीरिया, पूर्व में जॉर्डन, दक्षिण पश्चिम में मिस्र और दक्षिण में लाल सागर से घिरा है। इसलिए, इज़राइल एक भूमि से घिरा देश नहीं है। अत: विकल्प (C) सही है।",अनुभाग - 1
6e6543f0-ec03-4e59-b326-5bb14f920234,hi,json,mcq,single_select,इनमें से कौन सा शहर कभी एसीरिया की राजधानी नहीं था,"['अशूर', 'बेबीलोन', 'डूर-शाररुकिन', 'निनेवेह']",1,बेबीलोन,"बेबीलोन को छोड़कर, यह सभी एसीरिया की राजधानी रहे थे।",अनुभाग - 1
d1167fba-9793-427f-a9d2-d1b85f23dcff,hi,json,mcq,single_select,किस मस्कोवीते शासक के शासनकाल में अस्त्राखान के खनाते और कज़ान जीते गए,"['दिमित्री डोंसकोई', 'इवान III', 'इवान IV', 'वसीली III']",2,इवान IV,"इवान IV के शासनकाल के दौरान, रूस ने अस्त्राखान के खनाते, कज़ान और सिबिर पर विजय प्राप्त की, जिससे यह लगभग 4,050,000 किमी2 तक फैला एक बहुसंख्यक और बहुमहाद्वीपीय राज्य बन गया।",अनुभाग - 1
c0f75244-98b6-445c-9e70-edf57ce6bef9,hi,json,mcq,single_select,मध्य युग के दौरान यूरोप में सामंतवाद की वृद्धि की मुख्य वजह थी,"['रोमन कैथोलिक चर्च का पतन', 'औपनिवेशिक साम्राज्यों के बीच प्रतिद्वंद्विता', 'एक मजबूत केंद्र सरकार का पतन', 'अंतर्राष्ट्रीयवाद का दमन']",2,एक मजबूत केंद्र सरकार का पतन,सामंतवाद एक विकेन्द्रीकृत संगठन है जो तब उभरता है जब केंद्रीय प्राधिकरण अपने कार्यों को निष्पादित नहीं कर पाता है और जब यह स्थानीय शक्तियों के उदय को रोक नहीं सकता है।,अनुभाग - 1
48e63ab6-bc93-4049-b213-17711f737d04,hi,json,mcq,single_select,राष्ट्रपति पद के उम्मीदवारों को नामांकित करने के लिए राष्ट्रीय सम्मेलनों का उपयोग करने वाला पहला अमेरिकी राजनीतिक दल कौन सा था?,"['डेमोक्रेटिक-रिपब्लिकन पार्टी', 'नो-नथिंग पार्टी', 'एंटी-मेसोनिक पार्टी', 'व्हिग पार्टी']",2,एंटी-मेसोनिक पार्टी,"एंटी-मेसोनिक पार्टी ने 1832 के चुनावों के लिए संयुक्त राज्य अमेरिका के इतिहास में पहला राष्ट्रपति नामांकन सम्मेलन आयोजित किया, जिसमें बाल्टीमोर के राष्ट्रपति पद के लिए विलियम विर्ट (एक पूर्व मेसन) आमोस एल्मेकर को उप-राष्ट्रपति के लिए नामांकित किया गया था।",अनुभाग - 1
89cfe24c-e747-4836-be4b-f32baf6d577d,hi,json,mcq,single_select,"कई अमेरिकी राज्य, जिनमें सबसे प्रसिद्ध टेक्सास और हवाई हैं, एक समय स्वतंत्र देश हुआ करते थे। निम्नलिखित में से कौन सा राज्य भी एक समय स्वतंत्र था","['वरमोंट', 'नेवादा', 'न्यू मैक्सिको', 'अलास्का']",0,वरमोंट,विंडसर के पूर्वी शहर में स्थित वरमोंट ने 14 वर्षों तक खुद का एक संप्रभु इकाई के रूप में शासन करना जारी रखा। वरमोंट के स्वतंत्र राज्य ने 1785 से 1788 तक अपने सिक्कों को जारी किया और राज्यव्यापी डाक सेवा संचालित की। 1778-89 में और 1790-91 में थॉमस चिटेंडेन गवर्नर थे।,अनुभाग - 1
7ffc1147-ff73-41a8-b071-ca4b6e052a04,hi,json,mcq,single_select,किस मध्य पूर्वी साम्राज्य ने सरकारी उपयोग के लिए अपनी भाषा बनाई,"['सफ़ाविद', 'मामलुक', 'ओट्टोमन', 'अलखनाते']",2,ओट्टोमन,"ओट्टोमन टर्किश साम्राज्य की आधिकारिक भाषा थी और जनता के बीच कम साक्षरता दर (19वीं शताब्दी की शुरुआत तक लगभग 2-3% और 19वीं शताब्दी के अंत में लगभग 15%), की वजह से आम लोगों को सरकार के साथ संवाद करने में सक्षम होने के लिए ""विशेष अनुरोध-लेखकों"" के रूप में लिखने वालों को किराए पर लेना पड़ा।",अनुभाग - 1
e9dd7476-b72c-4147-acd2-296c43e2d3e5,hi,json,mcq,single_select,व्हिग पार्टी द्वारा 19वीं शताब्दी के निम्नलिखित में से किस प्रसिद्ध अमेरिकी व्यक्ति को अमेरिका के राष्ट्रपति पद के लिए नामित नहीं किया गया था?,"['हेनरी क्ले', 'विनफील्ड स्कॉट', 'बेंजामिन हैरिसन', 'जॅचरी टेलर']",2,बेंजामिन हैरिसन,"रिपब्लिकन पार्टी में जाने से पहले राष्ट्रपति अब्राहम लिंकन, रदरफोर्ड बी हायेस, चेस्टर ए आर्थर और बेंजामिन हैरिसन थे, जहाँ से वे निर्वाचित हुए थे। बेंजामिन हैरिसन एक रिपब्लिकन पार्टी के उम्मीदवार थे।",अनुभाग - 1
e7d955ae-079c-46bd-8d8b-0a2f92c8d59f,hi,json,mcq,single_select,निम्नलिखित में से कौन सा कथन सही है?,"['कच्चातिवु और तीन बीघा फ्रांसीसी से भारतीय गणराज्य द्वारा अधिग्रहित क्षेत्र थे', 'कच्चातिवु और तीन बीघा भारत सरकार द्वारा क्रमशः श्रीलंकाई और बांग्लादेशी संप्रभुता को सौंपे गए क्षेत्र हैं', 'कच्चातिवु और तीन बीघा ऐसे क्षेत्र हैं जिन पर 1962 के चीन-भारतीय युद्ध में चीनियों ने कब्जा कर लिया था', 'कच्चातिवु और तीन बीघा ऐसे क्षेत्र हैं, जिन्हें क्रमशः श्रीलंका और पाकिस्तान के साथ पट्टा व्यवस्था द्वारा भारत को हस्तांतरित किया गया था']",1,कच्चातिवु और तीन बीघा भारत सरकार द्वारा क्रमशः श्रीलंकाई और बांग्लादेशी संप्रभुता को सौंपे गए क्षेत्र हैं,"कच्चातिवु भारत और श्रीलंका के बीच पाक जलडमरूमध्य में स्थित एक छोटा सा द्वीप है। इसे 1974 में भारत सरकार द्वारा श्रीलंकाई संप्रभुता को सौंप दिया गया था। तीन बीघा भारत के पश्चिम बंगाल के दार्जिलिंग जिले में स्थित भूमि की एक संकीर्ण पट्टी है, जो भारतीय मुख्य भूमि को कूचबिहार के बांग्लादेशी क्षेत्र से जोड़ती है।",अनुभाग - 1
5b562f7d-d5b7-4258-bf45-cca186512b70,hi,json,mcq,single_select,वेनेज़ुएला में निम्नलिखित बंदरगाह शहरों में से कौन सा एक तेल बंदरगाह के रूप में विकसित किया गया है?,"['काराकास', 'माराकाइबो', 'माराके', 'कारुपानो']",1,माराकाइबो,"माराकाइबो उत्तर-पश्चिमी वेनेज़ुएला में स्थित एक बंदरगाह शहर है और इसे एक तेल बंदरगाह के रूप में विकसित किया गया है। वेनेज़ुएला के पास दुनिया के सबसे बड़े तेल भंडारों में से एक है, और 20वीं सदी की शुरुआत से ही माराकाइबो देश के तेल उद्योग का एक प्रमुख केंद्र रहा है।",अनुभाग - 1
84bda1b7-6f2e-4c39-a2dc-90de0013cc34,hi,json,mcq,single_select,थुंबा में विक्रम साराभाई अंतरिक्ष केंद्र की स्थापना का सबसे महत्वपूर्ण कारण निम्नलिखित में से कौन सा है?,"['समुद्र पूर्व, पश्चिम और दक्षिण दिशाओं में जगह के पास है', 'यह भारत में एक शहर के पास एक जगह है, जो भौगोलिक भूमध्य रेखा के सबसे नजदीक है', 'यह भू-चुंबकीय भूमध्य रेखा पर स्थित है', 'थुंबा के निकट बाह्य अंतरिक्ष विचित्र वायुमंडलीय परिघटनाओं को प्रदर्शित करता है']",1,"यह भारत में एक शहर के पास एक जगह है, जो भौगोलिक भूमध्य रेखा के सबसे नजदीक है","यह भारत के एक शहर के निकट एक स्थान है, जो भौगोलिक भूमध्य रेखा के सबसे निकट है, थुम्बा में विक्रम साराभाई अंतरिक्ष केंद्र की स्थापना का सबसे महत्वपूर्ण कारण है।",अनुभाग - 1
9ec0e01a-9bee-4856-a0e2-f5435edf3208,hi,json,mcq,single_select,निम्नलिखित में से किस भूमध्य रेखा के साथ भारत ने नई सहस्राब्दी के सूर्योदय के पहले प्रकाश का अनुभव किया?,"[""2\\(^{\\circ}\\) 30' पश्चिम"", ""82\\(^{\\circ}\\) 30' पूर्व"", ""92\\(^{\\circ}\\) 30' पश्चिम"", ""92\\(^{\\circ}\\) 30' पूर्व""]",3,92\(^{\circ}\) 30' पूर्व,"नई सहस्राब्दी के सूर्योदय का पहला प्रकाश भूमध्य रेखा 92\(^{\circ}\) 30' पूर्व के साथ अनुभव किया गया था I भूमध्य रेखा 92\(^{\circ}\) 30' पूर्व भारत के पूर्वी भाग से होकर गुजरती है। यह असम, पश्चिम बंगाल, ओडिशा, आंध्र प्रदेश और तमिलनाडु राज्यों से होकर गुजरती है।",अनुभाग - 1
6b9a53b9-5c83-4a6b-92b5-3c3d43143c52,hi,json,mcq,single_select,"'रोअरिंग फोर्टीज' के बारे में निम्नलिखित कथनों पर विचार करें: I. वे उत्तरी और दक्षिणी गोलार्ध में निर्बाध रूप से उड़ते हैं। II. वे बड़ी ताकत और निरंतरता के साथ उड़ते हैं। III. दक्षिणी गोलार्द्ध में इनकी दिशा सामान्यतः उत्तर-पश्चिम से पूर्व की ओर होती है। IV. मेघाच्छादित आकाश, वर्षा और कच्चा मौसम सामान्यत: इनके साथ जुड़े होते हैं। इनमें से कौन से कथन सही हैं?","['I, II और III', 'II, III और IV', 'I, III और IV', 'I, II और IV']",1,"II, III और IV","दक्षिणी गोलार्द्ध में पछुआ हवाएं रोअरिंग फोर्टीज़ कहलाती हैं। यह \(40^{\circ}\) दक्षिण से \(50^{\circ}\) दक्षिण के बीच स्थित है। यह एक स्थायी हवा है। यह भूभाग पर धीमी है। 'रोअरिंग फोर्टीज़' के बारे में कथन यह है कि वे बड़ी ताकत और निरंतरता के साथ उड़ते हैं। इनकी दिशा सामान्यतः दक्षिणी गोलार्द्ध में उत्तर-पश्चिम से पूर्व की ओर होती है। मेघाच्छादित आकाश, वर्षा और कच्चा मौसम आम तौर पर उनके साथ जुड़ा हुआ है।",अनुभाग - 1
afeab4d5-5857-45dd-a0f7-c18d4d68cf6c,hi,json,mcq,single_select,मिस्रवासियों द्वारा निर्मित पिरामिडों के संबंध में निम्नलिखित में से कौन सा कथन सही है?,"['पिरामिड गोदामों के रूप में कार्य करते थे जहां अधिशेष भोजन संग्रहीत किया जाता था।', 'पिरामिड मंदिर थे जहाँ लोगों को आने और प्रार्थना करने की अनुमति थी।', 'पिरामिड चार आयताकार आकार के पत्थरों के मकबरे थे जो एक चूना पत्थर की छत से जुड़ते थे।', 'पिरामिड शाही मकबरे थे जिनमें चार त्रिकोण-आकार की भुजाएँ होती थीं जो शीर्ष पर एक बिंदु पर मिलती थीं।']",3,पिरामिड शाही मकबरे थे जिनमें चार त्रिकोण-आकार की भुजाएँ होती थीं जो शीर्ष पर एक बिंदु पर मिलती थीं।,"पिरामिड शाही मकबरे थे जिनमें चार त्रिभुज के आकार की भुजाएँ थीं जो शीर्ष पर एक बिंदु पर मिलती थीं। गिजेह में फिरौन खुफू के लिए सबसे बड़ा पिरामिड बनाया गया था जो कि 481 फीट ऊंचा है और चूना पत्थर के 23,00,000 ब्लॉक से बना है।",अनुभाग - 1
5db2fb2a-7250-4ea9-a80b-e0cae7ac89fd,hi,json,mcq,single_select,"पहली बार, प्राचीन भारत का इतिहास व्यवस्थित रूप से निम्नलिखित इतिहासकारों में से किसने तैयार किया था?","['कार्ल मार्क्स', 'विन्सेंट आर्थर स्मिथ', 'विलियम जोन्स', 'एफ.डब्ल्यू. हेगेल']",1,विन्सेंट आर्थर स्मिथ,"पहली बार, प्राचीन भारत का इतिहास व्यवस्थित रूप से विन्सेंट आर्थर स्मिथ ने तैयार किया था। विन्सेंट आर्थर स्मिथ (1843-1920), जो साम्राज्यवादी विचारधारा से संबंधित थे, बीसवीं शताब्दी के इतिहासकारों में सबसे प्रमुख थे। 1904 में प्रकाशित उनकी पुस्तक ""अर्ली हिस्ट्री ऑफ इंडिया"" प्राचीन भारत का पहला व्यवस्थित इतिहास है। वह एक आईसीएस अधिकारी थे जो भारत में ब्रिटिश सरकार की सेवा कर रहे थे।",अनुभाग - 1
e562df1f-2b2b-4293-bfdb-0da9e206e601,hi,json,mcq,single_select,"""विश्व के एकजुट मजदूर"" का नारा इससे जुड़ा था:","['फ्रांसीसी क्रांति', 'अमरीकी क्रांति', 'रूसी क्रांति', 'जापानी क्रांति']",2,रूसी क्रांति,"""विश्व के एकजुट मजदूर"" का नारा रूसी क्रांति (या सोवियत संघ) से जुड़ा था। 8 मार्च 1917 से 16 जून 1923 के बीच रूसी क्रांति हुई।",अनुभाग - 1
9906fada-8692-44fe-a2ad-971314b391a7,hi,json,mcq,single_select,महाद्वीपीय बहाव सिद्धांत के पक्ष में साक्ष्य के टुकड़े क्या हैं? उचित विकल्प का चयन करें। a. जिग-सॉ-फिट b. ट्रांस-करंट दोष c. विभिन्न क्षेत्रों में जीवाश्म d. मेंटल में संवहन,"['a और d', 'b और d', 'a और c', 'a और b']",2,a और c,"महाद्वीपीय बहाव एक सिद्धांत था जिसने समझाया कि कैसे महाद्वीप पृथ्वी की सतह पर स्थिति बदलते हैं। 1912 में एक भूभौतिकीविद्, और मौसम विज्ञानी, अल्फ्रेड वेगेनर द्वारा निर्धारित, महाद्वीपीय बहाव ने यह भी समझाया कि विभिन्न महाद्वीपों पर एक जैसे दिखने वाले जानवर और पौधों के जीवाश्म और समान रॉक संरचनाएं क्यों पाई जाती हैं। महाद्वीपीय बहाव सिद्धांत का समर्थन करने वाले साक्ष्य: महाद्वीपों का मिलान (जिग-सॉ-फिट) महासागरों में समान आयु की चट्टानें टिलाइट प्लेसर जमा जीवाश्मों का वितरण",अनुभाग - 1
181ea66b-14ef-4de9-93ff-a7517f925b47,hi,json,mcq,single_select,युवा इटली आंदोलन का नेतृत्व दो क्रांतिकारियों ने किया था। एक गैरीबाल्डी और दूसरा प्रमुख क्रांतिकारी था:,"['नेपोलियन बोनापार्ट', 'ग्यूसेप माज़िनी', 'मचिवेल्ली', 'विक्टर']",1,ग्यूसेप माज़िनी,"दो क्रांतिकारियों ने युवा इटली आन्दोलन का नेतृत्व किया, एक गैरीबाल्डी और दूसरा प्रमुख क्रांतिकारी ग्यूसेप माज़िनी था। जिनेवा में सामाजिक और राजनीतिक सुधारों के माध्यम से माजिनी से मिलने के बाद, ग्यूसेप गैरीबाल्डी (1807-1882) 1833 के आसपास आंदोलन में शामिल हो गए। ग्यूसेप माज़िनी इटली के एकीकरण के लिए एक इतालवी राजनीतिज्ञ, पत्रकार, कार्यकर्ता थे। यह 1831 में ग्यूसेप माज़िनी द्वारा स्थापित एक राजनीतिक आंदोलन था। आंदोलन का लक्ष्य इतालवी प्रतिक्रियावादी राज्यों में और ऑस्ट्रियाई साम्राज्य द्वारा कब्जा की गई भूमि में एक सामान्य विद्रोह को बढ़ावा देने के माध्यम से एकजुट इतालवी गणराज्य बनाना था। आंदोलन के उद्देश्य को परिभाषित करने वाला नारा ""संघ, शक्ति और स्वतंत्रता"" था।",अनुभाग - 1
637135ff-d7aa-4ed4-ac05-9d7a1c23012a,hi,json,mcq,single_select,निम्नलिखित में से कौन सा/से कथन सही है/हैं? सन 1948 में बर्मा को संयुक्त राष्ट्र में शामिल किया गया और उसके तत्काल बाद शीत युद्ध में बर्मा ने USA का समर्थन किया सन 1948 में बर्मा संयुक्त राष्ट्र से जुड़ गया पर उसने कोरियाई युद्ध में चीन को आक्रामक के रूप में दोषारोपित करने से इंकार कर दिया नीचे दिये गये कूट का प्रयोग कर सही उत्तर चुनिए:,"['केवल 1', 'केवल 2', '1 और 2 दोनों', 'न तो 1, न ही 2']",1,केवल 2,"अप्रैल 1948 में बर्मा संयुक्त राष्ट्र में शामिल हो गया। यू नू के समय में, बर्मा ने शीत युद्ध में तटस्थता की घोषणा की। इसलिए, कथन 1 गलत है। भारत के साथ बर्मा, केवल दो देश थे जिन्होंने कोरियाई युद्ध में चीन को आक्रामक के रूप में मान्यता देने के लिए मतदान करने से इनकार कर दिया था। इसलिए, कथन 2 सही है। हालांकि, कोरियाई युद्ध छिड़ गया, लेकिन बर्मा ने संयुक्त राष्ट्र सुरक्षा परिषद के प्रस्ताव को लागू कर दिया, जिसमें उत्तर कोरिया को आक्रामक कहा गया था।",अनुभाग - 1
31982922-ce28-4aad-98af-121ca8b5b185,hi,json,mcq,single_select,"लॉर्ड पेथिक-लॉरेंस, सर स्टैफोर्ड क्रिप्स, ए.वी. अलेक्जेंडर निम्नलिखित में से किससे संबंधित हैं?","['वेवेल योजना', 'माउंट बीटन योजना', 'कैबिनेट मिशन योजना', 'क्रिप्स मिशन']",2,कैबिनेट मिशन योजना,"कैबिनेट मिशन योजना 1946 में स्थापित की गई थी। कैबिनेट मिशन: 1946 में, लॉर्ड एटली ने भारत में एक कैबिनेट मिशन भेजा जिसमें तीन कैबिनेट मंत्री शामिल थे, अर्थात् लॉर्ड पेथिक-लॉरेंस, भारत के राज्य सचिव, ए.वी अलेक्जेंडर, एडमिरल्टी के पहले लॉर्ड, सर स्टैफोर्ड क्रिप्स, व्यापार बोर्ड के अध्यक्ष।",अनुभाग - 1
b4f1fd58-c502-4e2b-818d-9bdef4d80054,hi,json,mcq,single_select,किसने कहा है कि इतिहास वर्ग संघर्षों की कहानी है?,"['ऑगस्ट काम्टे', 'हर्वर्ट स्पेन्सर', 'आरनोल्ड टॉयनवी', 'कार्ल मार्क्स']",3,कार्ल मार्क्स,"जर्मन दार्शनिक और अर्थशास्त्री कार्ल मार्क्स ने प्रसिद्ध रूप से कहा है कि "" इतिहास वर्ग संघर्षों की कहानी है ।"" उनका मानना था कि लोगों के विभिन्न वर्गों के बीच सामाजिक और आर्थिक संघर्ष ऐतिहासिक परिवर्तन और समाज के विकास के पीछे प्रेरक शक्ति थे।",अनुभाग - 1
c65b6cb4-5d8d-4652-95af-9d6bcd13afde,hi,json,mcq,single_select,"कार्ल मार्क्स के अनुसार, इतिहास कीर्तिमान है:","['सभी लोगों को अधिक राजनीतिक स्वतंत्रता प्रदान करना', 'समाज में वर्गों के बीच संघर्ष', 'राष्ट्रों के बीच युद्ध और संघर्ष', 'औद्योगिकीकरण से बढ़ती समृद्धि']",1,समाज में वर्गों के बीच संघर्ष,"कार्ल मार्क्स के अनुसार, इतिहास समाज में वर्गों के बीच संघर्ष का कीर्तिमान है। मार्क्सवाद में, दो मुख्य वर्ग हैं - पूंजीपति वर्ग और सर्वहारा वर्ग। पूंजीपति वर्ग पूंजी और उत्पादन के साधनों को नियंत्रित करता है। सर्वहारा वर्ग श्रम प्रदान करता है। इन दोनों वर्गों के बीच के संघर्ष को कार्ल मार्क्स और फ्रेडरिक एंगेल्स के वर्ग संघर्ष के रूप में जाना जाता है। यह संघर्ष इसलिए होता है क्योंकि उनके भुगतान में श्रमिकों का कोई हाथ नहीं है। कार्ल मार्क्स का मानना था कि श्रमिकों को शामिल किया जाना चाहिए क्योंकि वे काम करते हैं और चीजें बनाते हैं।",अनुभाग - 1
148e3250-7897-49c5-b45c-65eb5fd589c7,hi,json,mcq,single_select,18 वी शताब्दी में कार्बोनेट वाले पेय पदार्थों का पहली बार वाणिज्यीकरण निम्न में से किसके द्वारा किया गया था?,"['जोसफ प्रिस्टले', 'जीन-पियरे सावेज', 'विलियम बारिबल', 'जेकब स्चवेप्पे']",3,जेकब स्चवेप्पे,"कृत्रिम कार्बोनेशन की प्रक्रिया को सर्वप्रथम जोसफ प्रिस्टले ने खोजा था। जबकि 18 वीं शताब्दी में कार्बोनेट वाले पेय पदार्थों का पहली बार वाणिज्यीकरण जेकब स्चवेप्पे द्वारा किया गया था। जेकब स्चवेप्पे (16 मार्च, 1740 - 18 नवंबर, 1821) का जन्म हेसन-कैसल के लैंडग्रेवेट में विट्ज़ेनहौसेन में हुआ था। उन्होंने घड़ी और जौहरी के रूप में जीवन यापन किया। 1767 के आसपास वह एक सफल जौहरी था। बाद में उन्होंने कार्बन डाइऑक्साइड गैस का उत्पादन करने के लिए चूना पत्थर पर सल्फ्यूरिक एसिड टपकाने की प्रीस्टली की विधि के बारे में सीखा। 1783 में, जेकब स्चवेप्पे ने कार्बोनेटेड पानी के निर्माण की प्रक्रिया में सुधार और पेटेंट कराया। जब कार्बोनेटेड पानी की बिक्री उनके आभूषण व्यवसाय से आगे निकल गई तो स्चवेप्पे की पेय कंपनी का जन्म हुआ।",अनुभाग - 1
b08a6618-e744-436c-8127-4a876b791666,hi,json,mcq,single_select,'अमेरिका की स्वतंत्रता की घोषणा (अमेरिकन डेक्लरेशन ऑफ इंडिपेंडेंस) ' में निम्नलिखित में से कौन-सा/कौन-से अधिकार/अधिकारों का उत्लेख किया गया है? 1. प्राण 2. स्वतंत्रता 3. सुख (खुशहाली) का अनुसरण 4. बंधुता नीचे दिए गए कूट का प्रयोग कर सही उत्तर चुनिए।,"['केवल 1', 'केवल 1 और 2', '1,2 और 3', '2,3 और 4']",2,"1,2 और 3","संयुक्त राज्य अमेरिका की स्वतंत्रता की घोषणा, औपचारिक रूप से 'तेरह संयुक्त राज्य अमेरिका की सर्वसम्मत घोषणा', 4 जुलाई, 1776 को फिलाडेल्फिया, पेनसिल्वेनिया में दूसरी महाद्वीपीय कांग्रेस की बैठक द्वारा अपनाई गई घोषणा है। अमेरिकी क्रांति के दौरान अधिनियमित, घोषणा बताती है कि ग्रेट ब्रिटेन के साम्राज्य के साथ युद्ध में तेरह कालोनियों ने खुद को तेरह स्वतंत्र संप्रभु राज्यों के रूप में क्यों माना, जो अब ब्रिटिश शासन के अधीन नहीं हैं। घोषणा के साथ, इन नए राज्यों ने संयुक्त राज्य अमेरिका के गठन में सामूहिक पहला कदम उठाया। स्वतंत्रता की घोषणा तीन बुनियादी विचारों को बताती है: ईश्वर ने सभी मनुष्यों को समान बनाया और उन्हें जीवन, स्वतंत्रता और सुख की खोज का अधिकार दिया। सरकार का मुख्य कार्य इन अधिकारों की रक्षा करना है। यदि कोई सरकार इन अधिकारों को रोकने की कोशिश करती है, तो लोग विद्रोह करने और नई सरकार स्थापित करने के लिए स्वतंत्र हैं।",अनुभाग - 1
55ab01b4-ce84-400b-84b4-2d81bc0daad0,hi,json,mcq,single_select,"इनमें से किस अमरीकी राष्ट्रपति ने लोकतंत्र को 'जनता का, जनता के लिए और जनता द्वारा शासन"" कहा?","['अब्राहम लिकन', 'थॉमस जेफ़र्सन', 'जॉर्ज वार्शिगटन', 'जॉन एफ. कैनेडी']",0,अब्राहम लिकन,"अब्राहम लिंकन अमेरिकी राष्ट्रपतियों ने लोकतंत्र को ""लोगों की सरकार, लोगों के लिए और लोगों द्वारा"" के रूप में वर्णित किया। अब्राहम लिंकन: वह एक अमेरिकी राजनेता और वकील थे जिन्होंने मार्च 1861 से अप्रैल 1865 में अपनी हत्या तक संयुक्त राज्य के 16 वें राष्ट्रपति के रूप में कार्य किया। गृहयुद्ध के संदर्भ में, लिंकन ने गेटिसबर्ग में अपनी जान देने वालों के बलिदानों को भी याद किया और अमेरिका के प्रतिनिधि लोकतंत्र के अस्तित्व को सुनिश्चित करने के लिए श्रोताओं (और राष्ट्र) के लिए गुणकारी गुण: ""जनता का, जनता के लिए और जनता द्वारा शासन, पृथ्वी से नष्ट नहीं होगी""।",अनुभाग - 1
3a0a0029-17ea-4180-aacd-02c2a02db8b9,hi,json,mcq,single_select,"अमेरिकी राजदूत क्लॉड बॉवर्स के अनुसार, निम्नलिखित में से किस घटना को द्वितीय विश्व युद्ध के लिए ""ड्रेस रिहर्सल"" के रूप में जाना जाता है?","['स्पेन का गृह युद्ध', 'बाल्कन युद्ध', 'मोरक्कन संकट', 'स्वेज नहर संकट']",0,स्पेन का गृह युद्ध,"स्पैनिश गृहयुद्ध स्पेन में 1936 से 1939 तक लड़ा गया गृहयुद्ध था। उस समय के अंतरराष्ट्रीय राजनीतिक माहौल के कारण, युद्ध के कई पहलू थे और इसे विभिन्न रूप से वर्ग संघर्ष, एक धार्मिक संघर्ष, तानाशाही और गणतंत्र लोकतंत्र के बीच संघर्ष, क्रांति और प्रतिक्रांति के बीच और फासीवाद और साम्यवाद के बीच के रूप में देखा गया था। युद्ध के दौरान स्पेन में अमेरिकी राजदूत क्लॉड बोवर्स के अनुसार, यह द्वितीय विश्व युद्ध के लिए ""ड्रेस रिहर्सल"" था। राष्ट्रवादियों ने युद्ध जीता, जो 1939 की शुरुआत में समाप्त हुआ, और नवंबर 1975 में फ्रेंको की मृत्यु तक स्पेन पर शासन किया। अत: विकल्प (A) सही है I",अनुभाग - 1
e75c6942-95c4-4978-891f-3f3d8890c642,hi,json,mcq,single_select,"""तीन आदेश"" का विचार सबसे पहले किस देश में तैयार किया गया था?","['ब्रिटेन', 'फ्रांस', 'अफ्रीका', 'अरब']",1,फ्रांस,"""तीन आदेश"" का विचार पहली बार फ्रांस में ग्यारहवीं शताब्दी की शुरुआत में तैयार किया गया था। इसने समाज को तीन वर्गों में विभाजित किया: प्रार्थना करने वाले, लड़ने वाले और भूमि जोतने वाले। समाज के इस विभाजन को ""तीन आदेशों"" में चर्च द्वारा समाज में अपनी प्रमुख भूमिका को मजबूत करने के लिए समर्थन दिया गया था। इसने नाइट्स नामक एक नए योद्धा समूह के उद्भव में मदद की थी।",अनुभाग - 1
186662ed-5ede-4473-86de-64d8e9cfe834,hi,json,mcq,single_select,"सिंधु जल संधि, 1960 के संदर्भ में निम्नलिखित में से कौन सा कथन सही नहीं है?","['संधि 19 सितम्बर, 1960 में हस्ताक्षरित हुई।', 'संधि के अनुसार भारत, नदी प्रणाली के पानी का 20% भाग उपयोग कर सकता है।', 'संधि के अनुसार भारत, नदी प्रणाली के पानी का 20% भाग उपयोग कर सकता है।', 'संधि के अनुसार, व्यास, रवि और सतलज भारत द्वारा शासित किया जाना चाहिए, जबकि सिंधु, चिनाब और झेलम को पाकिस्तान द्वारा संभाला जाना है।']",1,"संधि के अनुसार भारत, नदी प्रणाली के पानी का 20% भाग उपयोग कर सकता है।","संधि, विवादों को सुलझाने के लिए मध्यस्थता तंत्र प्रदान करती है।",अनुभाग - 1
2e82ca8f-0502-42c1-9cc7-3c05dfd98527,hi,json,mcq,single_select,भारतीय मानसून तंत्र के संदर्भ में निम्नलिखित में से कौन सा तथ्य गलत है?,"['गर्मी में गंगा मैदान पर अंतः उष्णकटिबंधीय अभिसरण क्षेत्र (आईटीसीजेड) की स्थिति में बदलाव।', 'भूमि और पानी के तापन और शीतलन में अंतर।', 'मेडागास्कर के पूर्व में कम दबाव वाले क्षेत्र की उपस्थिति।', 'हिमालय के उत्तर में पश्चिमी भाप धारा की गति और गर्मी के दौरान भारतीय प्रायद्वीप पर उष्णकटिबंधीय पूर्वी भाप धारा की उपस्थिति।']",2,मेडागास्कर के पूर्व में कम दबाव वाले क्षेत्र की उपस्थिति।,"उच्च दबाव वाले क्षेत्र की उपस्थिति, लगभग हिंद महासागर पर 20 डिग्री सेल्सियस है। इस उच्च दबाव वाले क्षेत्र की तीव्रता और स्थिति, भारतीय मानसून को प्रभावित करती है।",अनुभाग - 1
7d88437f-5b16-4ad6-8b1a-7019c6cb951b,hi,json,mcq,single_select,निम्नलिखित में से संभावित संसाधनों का सही स्पष्टीकरण कौन सा है?,"['संसाधन जो एक क्षेत्र में पाए जाते हैं, लेकिन जिनका उपयोग नहीं किया गया है।', 'पर्यावरण की सामग्री जिसमें मानव जरूरतों को पूरा करने की क्षमता है, लेकिन मनुष्यों के पास इन तक पहुंचने के लिए उचित तकनीक नहीं है।', 'संसाधनों का सर्वेक्षण किया जाता है और जिनकी गुणवत्ता और मात्रा को उपयोग के लिए निर्धारित किया जाता है।', ""संसाधन जिन्हें मौजूदा तकनीकी 'जानकारियों' की मदद से उपयोग में लाया जा सकता है, लेकिन उनका उपयोग शुरू नहीं हुआ है।""]",0,"संसाधन जो एक क्षेत्र में पाए जाते हैं, लेकिन जिनका उपयोग नहीं किया गया है।","संभावित संसाधन वे हैं, जो की एक क्षेत्र में पाए जाते हैं, लेकिन इनका उपयोग नहीं किया गया है। उदाहरण के लिए भारत के पश्चिमी हिस्सों, विशेष रूप से राजस्थान और गुजरात में पवन और सौर ऊर्जा के विकास की भारी क्षमता है, लेकिन अब तक इन्हें ठीक से विकसित नहीं किया गया है। विकल्प (A) स्टॉक समझाता है, विकल्प (C) विकसित संसाधनों के बारे में बताता है और विकल्प (D) संरक्षण को समझाता है।",अनुभाग - 1
c103acc1-0c13-4481-8867-4aafbbaac474,hi,json,mcq,single_select,"निम्नलिखित में से कौन सी मिट्टी, भू-दृश्य पर अपनी स्थिति के कारण क्षरण और गिरावट की ओर प्रवृत रहती है?","['जलोढ़ मिट्टी', 'लेटराइट मिट्टी', 'शुष्क मिट्टी', 'लाल और पीली मिट्टी']",1,लेटराइट मिट्टी,"लेटराइट मिट्टी आर्द्र समृद्ध है, जहां यह पर्णपाती और सदाबहार जंगल को पोषण देती हैं, लेकिन दुर्लभ वनस्पति और अर्द्ध शुष्क वातावरण में यह आम तौर पर कमजोर पड़ जाती हैं। ये भू-दृश्य पर अपनी स्थिति के कारण क्षरण और गिरावट के लिए प्रवण रहती हैं।",अनुभाग - 1
7e4bdd5a-6602-4d84-a4e5-15a934164e25,hi,json,mcq,single_select,हिमालयी तालिसपत्र के विषय में निम्नलिखित में से कौन सा कथन गलत है?,"['इसका वैज्ञानिक नाम टेक्सस वालाकीयाना है।', 'यह दुनिया में सबसे ज्यादा बिकने वाली एंटी-कैंसर दवाओं में से एक है।', 'यह हिमाचल प्रदेश, सिक्किम और नागालैंड के विभिन्न हिस्सों में पाया जाता है।', ""टैक्सोल' नामक एक रासायनिक यौगिक इस पेड़ की छाल, सुई, टहनी और जड़ों से निकाला जाता है।""]",2,"यह हिमाचल प्रदेश, सिक्किम और नागालैंड के विभिन्न हिस्सों में पाया जाता है।","हिमालयी तालिसपत्र, हिमाचल प्रदेश और अरुणाचल प्रदेश के विभिन्न हिस्सों में पाया जाने वाला एक औषधीय पौधा हैI",अनुभाग - 1
e4f8009b-c856-4640-9147-23f9de20ebb6,hi,json,mcq,single_select,निम्नलिखित में से कौन फ्रांसीसी क्रांति का नेता नहीं था?,"['मैक्सिमिलिएन रोबेस्पिएरे', 'फ्रेडरिक विलियम IV', 'जॉर्जेस-जैक्स डैंटन', 'जीन पॉल मारत']",1,फ्रेडरिक विलियम IV,"फ्रेडरिक विलियम IV फ्रांसीसी क्रांति के नेता नहीं थे। फ्रांसीसी क्रांति (1789-1799) फ्रांस में सामाजिक और राजनीतिक उथल-पुथल की अवधि थी, जिसके परिणामस्वरूप राजशाही को उखाड़ फेंका गया और गणराज्य की स्थापना हुई। विद्रोहियों के लिए फ्रांसीसी क्रांति के तीन मुख्य नेता जॉर्जेस-जैक्स डैंटन, जीन-पॉल मारत और मैक्सिमिलियन रॉबस्पिएरे थे।",अनुभाग - 1
0ff6cf1a-e99a-4add-988e-94b668a0f205,hi,json,mcq,single_select,निम्नलिखित में से कौन नेपोलियन के उदय का एक कारक था?,"['जैकबिन सरकार का पतन', 'रॉबस्पियर के शासनकाल का आतंक', 'निर्देशिका की राजनीतिक अस्थिरता', 'राष्ट्रवादी ताकत']",2,निर्देशिका की राजनीतिक अस्थिरता,"1792 से 1793 तक फ्रांस एक गणराज्य बना। इसमें जैकबिन सरकार के पतन और निर्देशिका की राजनीतिक अस्थिरता जैसी घटनाएं शामिल हैं। अंत में घटनाओं की श्रृंखला के साथ नेपोलियन फ्रांस का सम्राट बन गया। फ्रांस में निर्देशिका का शासन था, एक कार्यकारी जो पांच सदस्यों से बना था। हालांकि, निर्देशक विधान परिषद के साथ भिड़ गए, जिन्होंने फिर उन्हें खारिज करने की मांग की। निर्देशिका की राजनीतिक अस्थिरता ने सैन्य तानाशाह नेपोलियन बोनापार्ट के उदय का मार्ग प्रशस्त किया। 1804 में खुद को फ्रांस के सम्राट के रूप में मुकुट देने के बाद, वह पड़ोसी यूरोपीय देशों को जीतने के लिए, राजवंशों को तितर-बितर करने और उन राज्यों को बनाने के लिए निकला, जहां उन्होंने अपने परिवार के सदस्यों को रखा था। प्रारंभ में, उन्हें एक मुक्तिदाता के रूप में देखा गया, जो लोगों को स्वतंत्रता दिलाएगा, लेकिन जल्द ही नेपोलियन सेनाओं को एक हमलावर शक्ति के रूप में हर जगह देखा जाने लगा। अंत में, 1804 में, नेपोलियन बोनापार्ट ने खुद को फ्रांस के सम्राट के रूप में ताज पहनाया। इसलिए, सही उत्तर निर्देशिका की राजनीतिक अस्थिरता है।",अनुभाग - 1
762b1123-fca3-4f6e-b3c1-6b8a8c227265,hi,json,mcq,single_select,फ्रांसीसी क्रांति के बारे में निम्नलिखित में से कौन सा कथन सही नहीं है?,"['इसने स्वतंत्रता, स्वाधीनता और समानता के विचारों को जन्म दिया', 'इसने फ्रांस में राजशाही का अंत किया', 'फ्रांसीसी क्रांति की शुरुआत को दर्शाने करने वाली घटना 14 जुलाई, 1789 को बैस्टिल किले की थी', 'फ्रांसीसी क्रांति 1775 और 1783 के बीच लड़ी गई थी']",3,फ्रांसीसी क्रांति 1775 और 1783 के बीच लड़ी गई थी,""" फ्रांसीसी क्रांति 1775 और 1783 के बीच लड़ी गई थी "" यह कथन फ्रांसीसी क्रांति के बारे में सही नहीं है। फ्रांसीसी क्रांति (1789-1799) फ्रांस में सामाजिक और राजनीतिक उथल-पुथल की अवधि थी, जिसके परिणामस्वरूप राजशाही को उखाड़ फेंका गया और गणराज्य की स्थापना हुई। अमेरिकी क्रांति 1775 और 1783 के बीच लड़ी गई थी। अमेरिकी उपनिवेशों ने अमेरिकी शासन की स्थापना के लिए ब्रिटिश शासन को उखाड़ फेंका, अमेरिकी क्रांति के परिणामस्वरूप 1776 में स्वतंत्रता की घोषणा के साथ स्थापना की।",अनुभाग - 1
1f54c448-f2a8-490a-8d16-c5d6e76f48ca,hi,json,mcq,single_select,निम्नलिखित में से कौन सा परिवर्तन पहले औद्योगिक क्रांति के कारण नहीं हुआ है?,"['स्टीम इंजन का बढ़ता उपयोग', 'हाथ उत्पादन विधियों से मशीनों तक संक्रमण', 'मुख्य संकट के रूप में खेती', 'फैक्टरी प्रणाली की स्थापना']",2,मुख्य संकट के रूप में खेती,"'मुख्य संकट के रूप में खेती' पहले औद्योगिक क्रांति के कारण नहीं हुआ है । पहली औद्योगिक क्रांति की शुरुआत ब्रिटेन में हुई थी। इसने पूरी दुनिया को प्रभावित किया है और लोगों के जीवन में भारी बदलाव किया है। औद्योगिक क्रांति के कारण, समाज की एक नई प्रणाली जो 15 वीं शताब्दी से यूरोप में उभर रही थी जिसे पूंजीवाद कहा जाता है। औद्योगिक क्रांति ने भाप इंजन के उपयोग में वृद्धि की है क्योंकि इसके आवेदन में वृद्धि हुई है। जैसे-जैसे उत्पादन का माध्यम बदला है और इसलिए उत्पाद की मांग बढ़ गई है। यह हाथ उत्पादन विधियों से मशीनों और कारखाने प्रणाली को बढ़ाने के लिए संक्रमण में अनुमति देता है।",अनुभाग - 1
92f8a674-d54b-43f1-8429-597e4a866533,hi,json,mcq,single_select,यूएसए में 'नागरिक अधिकार आंदोलन किस कारण से' शुरू किया गया था?,"['सभी समान अधिकारों की मांग करना और सभी अफ्रीकी-अमेरिकी नागरिकों के लिए नस्लीय भेदभाव को दूर करना', 'अफ्रीकी-अमेरिकी पुरुषों के मतदान अधिकारों की मांग करने के लिए', 'अफ्रीकी-अमेरिकी वरिष्ठ नागरिकों की सामाजिक सुरक्षा की मांग करना', 'अफ्रीकी-अमेरिकी महिलाओं के मतदान के अधिकार की मांग करना']",0,सभी समान अधिकारों की मांग करना और सभी अफ्रीकी-अमेरिकी नागरिकों के लिए नस्लीय भेदभाव को दूर करना,"यूएसए में नागरिक अधिकार आंदोलन (1954-1968) अफ्रीकी-अमेरिकियों के खिलाफ कानूनी नस्लीय भेदभाव को समाप्त करने के उद्देश्य से घटनाओं और सुधार आंदोलनों का एक सेट है। मार्टिन लूथर किंग जूनियर के नेतृत्व में, इस आंदोलन ने नस्लीय और भेदभावपूर्ण कानूनों और प्रथाओं के खिलाफ नागरिक अवज्ञा के अहिंसक तरीकों का अभ्यास किया। अफ्रीकी-अमेरिकी, एफ्रो-अमेरिकन, ब्लैक अमेरिकन या ब्लैक का उपयोग मुख्य रूप से अफ्रीकी के वंशजों को संदर्भित करने के लिए किया जाता है, जिन्हें 17वीं शताब्दी और 19वीं शताब्दी की शुरुआत के बीच अमेरिका में दास के रूप में लाया गया था। ब्लैक पावर आंदोलन 1966 में उभरा और 1975 तक चला, जो एक अधिक उग्रवादी विरोधी नस्लवादी आंदोलन था, जो अमेरिका में नस्लवाद को समाप्त करने के लिए आवश्यक होने पर भी हिंसा की वकालत करता था।",अनुभाग - 1
c89f9740-24e8-482e-9664-bf8a24862c60,hi,json,mcq,single_select,रूसी क्रांति के विषय में निम्नलिखित कथनों पर विचार कीजिए : 1. बोलशेविकों का यह विश्वास था कि ज़ार के रूस जैसे दमनात्मक समाज में पार्टी को अनुशासित होना चाहिए और अपने सदस्यों की संख्या को नियंत्रित करना चाहिए। 2. मेनशेविक यह मानते थे कि पार्टी को सभी के लिए खुला रखा जाना चाहिए (जैसे जर्मनी में)। उपर्युक्त में से कौन-सा/से कथन सही है/हैं?,"['केवल 1', 'केवल 2', '1 और 2 दोनों', 'न ही 1, न ही 2']",2,1 और 2 दोनों,"बोलशेविक अपने नेता लेनिन के अधीन बहुसंख्यक समाजवादी थे। वे एक अनुशासित पार्टी में विश्वास करते थे जो सदस्यों और उनकी गुणवत्ता को नियंत्रित करता था। वे पार्टी को क्रांति लाने का साधन बनाना चाहते थे। इसलिए, कथन 1 सही है मेनशेविक रूसी सोशल डेमोक्रेटिक वर्कर्स पार्टी के गैर-लेनिनवादी विंग के सदस्य थे, जो बाद में एक अलग संगठन के रूप में विकसित हुआ। वे पूंजीवाद के साथ काम करने की उदार नीति में विश्वास करते थे क्योंकि उनका मानना था कि यह वास्तव में समाजवादी शासन का अग्रदूत था। वे धीरे-धीरे ब्रिटेन और फ्रांस में सरकार की तरह एक लोकतांत्रिक संसदीय रूप स्थापित करना चाहते थे। उन्होंने सभी पार्टी के लिए एक खुला पक्ष रखा और सिस्टम के भीतर मिलकर काम किया। इसलिए, कथन 2 सही है।",अनुभाग - 1
5fa1a0e5-57c2-4c14-ae5f-8c5e49dab4c5,hi,json,mcq,single_select,सितम्बर 1774 में फिलाडेल्फिया में आयोजित प्रथम महाद्वीपीय काँग्रेस द्वारा लिए गए निर्णयों में निम्नलिखित में से कौन-सा/से निर्णय शामिल था/थे? 1. इसने ब्रिटिश सत्ता के अधीन एक औपनिवेशिक संघ की योजना को अस्वीकृत कर दिया। 2. इसने शिकायतों से संबधित एक वक्तव्य तैयार किया। 3. इसने उपनिवेशों और इंग्लैंड के बीच व्यापार को रोकने की एक स्कीम पर सहमति ज़ाहिर की । नीचे दिए गए कूट का प्रयोग कर सही उत्तर चुनिए :,"['केवल 1 और 3', 'केवल 2', 'केवल 1 और 2', '1, 2 और 3']",1,केवल 2,"1774 में पहली महाद्वीपीय कांग्रेस के बाद ब्रिटेन के किंग जॉर्ज III को भेजी गई शिकायतों को दूर करने के लिए एक याचिका दायर की गई थी। इसलिए, कथन 2 सही है। व्यापार को विनियमित करने के लिए संसद के कानूनी अधिकार को अस्वीकार करने की योजना थी। लेकिन उन्होंने रॉयल प्राधिकरण का नियंत्रण वापस नहीं लिया, जिसका उल्लेख राजा की एक याचिका में स्पष्ट रूप से किया गया था। इसलिए, कथन 1 गलत है। घोषणा और संकल्पों ने दिसंबर 1774 से प्रभावी होने के लिए ब्रिटिश माल के बहिष्कार के बारे में भी बात की। लेकिन उन्होंने अमेरिकी उपनिवेशों और ब्रिटेन के बीच किसी भी तरह के व्यापार पर प्रतिबंध लगाने के बारे में स्पष्ट रूप से बात नहीं की। इसलिए, कथन 3 भी गलत है।",अनुभाग - 1
9f5413b1-fa47-4d7c-acf8-f397796669f2,hi,json,mcq,single_select,आतंक राज (रेन ऑफ टेरर) के बारे में निम्नलिखित में से कौन-सा कथन सही नहीं है?,"['सेन्स-कुलोटेस की मदद से जैकॉबिन्स ने जिरोंडिस्ट्स को बाहर निकाल दिया।', 'जैकॉबिन्स की फ्रांसीसी पादरी वर्ग के साथ साँठ-गाँठ थी।', 'क्रांति विरोधी गतिविधियों के लिए गिरफ़्तारी, क़ानून के द्वारा राजनीतिक वर्ग के लिए ही प्रतिबंधित थी।', 'जुलाई 1794 में गिलोटिन द्वारा रॉबसपियर के मृत्युदंड के साथ आतंक राज समाप्त हो गया।']",2,"क्रांति विरोधी गतिविधियों के लिए गिरफ़्तारी, क़ानून के द्वारा राजनीतिक वर्ग के लिए ही प्रतिबंधित थी।","'क्रांति विरोधी गतिविधियों के लिए गिरफ़्तारी, क़ानून के द्वारा राजनीतिक वर्ग के लिए ही प्रतिबंधित थी।' कथन सही नहीं है । यहाँ तक कि, लेफ्ट विंग और राइट विंग को बड़ी संख्या में निष्पादित किया गया था, जिनके पास फ्रांसीसी क्रांति के बारे में अलग-अलग विचार थे, उन्हें भी नहीं बख्शा गया। इसके अलावा, केवल राजनीतिक वर्ग के लिए गिरफ्तारी को प्रतिबंधित करने के लिए कोई कानून नहीं थे। रोबेस्पिएरे के नेतृत्व में जेकोबिन्स को 17,000 के रूप में निष्पादित किया गया, जबकि आधिकारिक तौर पर 10,000 को अनौपचारिक रूप से गिरफ्तार किया गया था। पब्लिक सेफ्टी की समिति के परिणामस्वरूप एक तानाशाही शासन, रॉबस्पियर के साथ एक प्रमुख सदस्य के रूप में फ्रांसीसी सरकार पर एक आभासी तानाशाही नियंत्रण का प्रयोग किया गया। जुलाई 1794 में एक गिलोटिन द्वारा इसी तरह से जब रोबेस्पियर को मार दिया गया तो आतंक का शासनकाल समाप्त हो गया।",अनुभाग - 1
67dd2655-ee96-4a52-8a92-83d72c53014d,hi,json,mcq,single_select,निम्नलिखित में से किस कारण/किन कारणों की वजह से इंग्लेंड में सबसे पहले औद्योगिक क्रांति हुई? 1. विज्ञान-संबंधी आविष्कारों ने औद्योगिक क्रांति का मार्ग प्रशस्त किया। 2. इसके लिए अनुकूल सामाजिक और राजनीतिक सरचनाएँ थीं। 3. नौगम्य नदियों ने अंत:स्थलीय (आंतरिक) परिवहन को आसान बनाया। 4. इसने पूँजीवादी व्यवसाय की प्रधानता (प्रभुत्व) को देखा। नीचे दिए गए कूट का प्रयोग कर सही उत्तर चुनिए:,"['केवल 1 और 3', 'केवल 1, 3 और 4', 'केवल 4', '1, 2, 3 और 4']",3,"1, 2, 3 और 4","उपरोक्त सभी कारकों ने ब्रिटेन में औद्योगिक क्रांति की सफलता के लिए भूमिका निभाई। औद्योगिक क्रांति के दौरान, कोयले और लोहे जैसे भारी उत्पादों को स्थानांतरित करने के सबसे सस्ते साधनों में से एक जलमार्ग था। नतीजतन, नहरों को चौड़ा और गहरा किया गया। इसने अधिक नाव परिवहन की अनुमति दी। जेम्स वाट द्वारा 1769 में स्टीम इंजन के आविष्कार ने परिवहन में क्रांति ला दी। इस प्रकार प्रौद्योगिकी ने औद्योगिक क्रांति के साथ मदद की। जब पूरा यूरोप राजनीतिक अस्थिरता का सामना कर रहा था, अंग्रेज़ पूँजीपतियों को ब्रिटिश सरकार का समर्थन मिल रहा था। इस प्रकार इसने पूंजीवादी प्रथाओं का एक क्रम देखा। गंभीरता समाप्त हो गई और संलग्नक आंदोलन ने नौकरी के अवसरों की तलाश में एक उभरते मध्यम वर्ग के लिए मार्ग प्रशस्त किया। इस प्रकार, सामाजिक और राजनीतिक संरचना ने भी मदद की।",अनुभाग - 1
ea032b7e-bf59-49dc-af56-48e81284db70,hi,json,mcq,single_select,अंड-करंड स्थलाकृति (बास्केट-ऑफ-एस टोपोग्राफी) निम्नलिखित में से किससे संबंधित है?,"['ड्रमलिन', 'एस्कर', 'सर्क', 'मोरेन']",0,ड्रमलिन,"अंड-करंड स्थलाकृति (बास्केट-ऑफ-एस टोपोग्राफी) ड्रमलिन से संबंधित है । ड्रमलिन अंडाकार आकार की पहाड़ियाँ हैं, जो बड़े पैमाने पर हिमनदों के बहाव से बनी होती हैं, जो एक ग्लेशियर या बर्फ की चादर के नीचे बनती हैं और बर्फ के प्रवाह की दिशा में संरेखित होती हैं। वे पूर्व में हिमाच्छादित क्षेत्रों में व्यापक हैं और विशेष रूप से कनाडा, आयरलैंड, स्वीडन और फिनलैंड में असंख्य हैं। 'अंड-करंड स्थलाकृति' ड्रमलिन की स्थलाकृति है, जो आमतौर पर समूहों में पाई जाती है। इसका आकार उल्टे नाव या उल्टे आधे अंडे जैसा होता है। एक समतल मैदान में हिमनदों के जमा होने से ड्रमलिन का निर्माण होता है।",अनुभाग - 1
d33d0e55-1cb4-4713-9c6d-f3cabe9277a6,hi,json,mcq,single_select,निम्नलिखित में से कौन सा द्वीप जापान में नहीं है?,"['होक्काइडो', 'होंशु', 'शिकोकू', 'सिन काउ']",3,सिन काउ,"सिन काउ द्वीप जापान में नहीं है । सिन काउ सातवां सबसे बड़ा स्प्रैटली द्वीप है और वियतनाम के कब्जे वाला तीसरा सबसे बड़ा द्वीप है। जापान के चार मुख्य द्वीप-होक्काइडो, होंशू, शिकोकू और क्यूशू। होक्काइडो- यह जापान के चार मुख्य द्वीपों में दूसरा सबसे बड़ा, सबसे उत्तरी और सबसे कम विकसित है। इसका मौसम सर्दियों में बहुत अधिक बर्फबारी, तापमान शून्य से नीचे और जमे हुए समुद्र के साथ कठोर होता है। यह पश्चिम में जापान सागर (पूर्वी सागर), उत्तर में ओखोटस्क सागर और पूर्व और दक्षिण में प्रशांत महासागर से घिरा है। होंशु- यह जापान का सबसे बड़ा द्वीप है और इसमें देश के सबसे प्रसिद्ध शहर और गंतव्य शामिल हैं। यह पांच क्षेत्रों (पूर्वोत्तर से दक्षिण-पश्चिम तक) में विभाजित है: तोहोकू, चुबू, कांटो, कंसाई (किंकी के नाम से भी जाना जाता है), और चुगोकू। शिकोकू- यह ओकिनावा के बाद दूसरा सबसे छोटा मुख्य द्वीप है। यह होंशू से अंतर्देशीय सागर (उत्तर) और की जलडमरूमध्य (पूर्व) और क्यूशू से बुंगो जलडमरूमध्य (पश्चिम) द्वारा अलग किया जाता है।",अनुभाग - 1
669bc5ad-ea47-4d7e-a53b-c5a1043da9f8,hi,json,mcq,single_select,दी गई विशेषताओं के आधार पर देश की पहचान कीजिए: 1. यह भूमध्य रेखा पर स्थित है। 2. उत्तर में कोलंबिया के साथ सीमा साझा करता है। 3. दक्षिण अमेरिका का एक उत्तर-पश्चिमी देश है।,"['गुयाना', 'वेनेजुएला', 'सूरीनाम', 'इक्वाडोर']",3,इक्वाडोर,"इक्वाडोर वह देश है जो भूमध्य रेखा पर स्थित है, उत्तर में कोलंबिया के साथ एक सीमा साझा करता है और दक्षिण अमेरिका का एक उत्तर-पश्चिमी देश है। इक्वाडोर : यह उत्तर पश्चिमी दक्षिण अमेरिका का एक देश है। यह दुनिया के सबसे अधिक पर्यावरणीय रूप से विविध देशों में से एक है, और इसने पर्यावरण विज्ञान में उल्लेखनीय योगदान दिया है। पृथ्वी की परिधि को मापने के लिए पहला वैज्ञानिक अभियान, जिसका नेतृत्व फ्रांस के चार्ल्स-मैरी डे ला कोंडामाइन ने किया था, इक्वाडोर में आधारित था।",अनुभाग - 1
7f6536e1-7767-42ec-8174-9e712ff1d7b7,hi,json,mcq,single_select,निम्नलिखित में से कौन सा देश कैरिबियन के साथ समूहीकृत नहीं है?,"['क्यूबा', 'बरमूडा', 'जॉर्डन', 'एंगुइला']",2,जॉर्डन,"जॉर्डन देश को कैरिबियन के साथ समूहीकृत नहीं किया गया है। यह पश्चिमी एशिया में जॉर्डन नदी के पूर्व की ओर एक अरब देश है।यह सऊदी अरब द्वारा दक्षिण और पूर्व में, इराक द्वारा उत्तर पूर्व में, सीरिया द्वारा उत्तर में, और पश्चिम में इज़राइल और फिलिस्तीन द्वारा सीमाबद्ध है।",अनुभाग - 1
6a3c9ce5-bc23-41a3-aabe-04280d307e81,hi,json,mcq,single_select,निम्नलिखित में से कौन सी नदी दो बार भूमध्य रेखा को पार करती है?,"['जायरा(कांगो)', 'अमेज़न', 'नील', 'नाइजर']",0,जायरा(कांगो),"जायरा(कांगो) नदी भूमध्य रेखा को दो बार पार करती है। जायरा(कांगो) नदी अफ्रीका की दूसरी सबसे लंबी नदी है, जो केवल नील नदी से छोटी है, साथ ही दुनिया में दूसरी सबसे बड़ी नदी है, जो कि केवल अमेजन के बाद है। यह दुनिया का सबसे गहरा चैनल है, जिसकी अनुमानित गहराई 220 मीटर है।",अनुभाग - 1
